type,word,industry,added_at,added_by_run_id
domain,Thermostat,hvac_services,2026-08-18T21:05:23.906914+09:00,QA-20260818-210404-KST
domain,Furnace,hvac_services,2026-08-18T21:05:23.906914+09:00,QA-20260818-210404-KST
domain,Refrigerant,hvac_services,2026-08-18T21:05:23.906914+09:00,QA-20260818-210404-KST
domain,Ductwork,hvac_services,2026-08-18T21:05:23.906914+09:00,QA-20260818-210404-KST
domain,Compressor,hvac_services,2026-08-18T21:05:23.906914+09:00,QA-20260818-210404-KST
domain,Filtration,hvac_services,2026-08-18T21:05:23.906914+09:00,QA-20260818-210404-KST
domain,Callout,hvac_services,2026-08-18T21:05:23.906914+09:00,QA-20260818-210404-KST
domain,Airflow,hvac_services,2026-08-18T21:05:23.906914+09:00,QA-20260818-210404-KST
domain,Insulation,hvac_services,2026-08-18T21:05:23.906914+09:00,QA-20260818-210404-KST
domain,Vent,hvac_services,2026-08-18T21:05:23.906914+09:00,QA-20260818-210404-KST
domain,Keyway,locksmith_security_services,2026-08-18T21:05:23.906914+09:00,QA-20260818-210404-KST
domain,Rekey,locksmith_security_services,2026-08-18T21:05:23.906914+09:00,QA-20260818-210404-KST
domain,Deadbolt,locksmith_security_services,2026-08-18T21:05:23.906914+09:00,QA-20260818-210404-KST
domain,Lockout,locksmith_security_services,2026-08-18T21:05:23.906914+09:00,QA-20260818-210404-KST
domain,Cylinder,locksmith_security_services,2026-08-18T21:05:23.906914+09:00,QA-20260818-210404-KST
domain,Masterkey,locksmith_security_services,2026-08-18T21:05:23.906914+09:00,QA-20260818-210404-KST
domain,Safe,locksmith_security_services,2026-08-18T21:05:23.906914+09:00,QA-20260818-210404-KST
domain,Duplication,locksmith_security_services,2026-08-18T21:05:23.906914+09:00,QA-20260818-210404-KST
domain,Bypass,locksmith_security_services,2026-08-18T21:05:23.906914+09:00,QA-20260818-210404-KST
domain,Rekeying,locksmith_security_services,2026-08-18T21:05:23.906914+09:00,QA-20260818-210404-KST
domain,Glossary,interpreter_translation_services,2026-08-18T21:05:23.906914+09:00,QA-20260818-210404-KST
domain,Localization,interpreter_translation_services,2026-08-18T21:05:23.906914+09:00,QA-20260818-210404-KST
domain,Dialect,interpreter_translation_services,2026-08-18T21:05:23.906914+09:00,QA-20260818-210404-KST
domain,Turnaround,interpreter_translation_services,2026-08-18T21:05:23.906914+09:00,QA-20260818-210404-KST
domain,Proofing,interpreter_translation_services,2026-08-18T21:05:23.906914+09:00,QA-20260818-210404-KST
domain,Terminology,interpreter_translation_services,2026-08-18T21:05:23.906914+09:00,QA-20260818-210404-KST
domain,Assignment,interpreter_translation_services,2026-08-18T21:05:23.906914+09:00,QA-20260818-210404-KST
domain,Fluency,interpreter_translation_services,2026-08-18T21:05:23.906914+09:00,QA-20260818-210404-KST
domain,Transcript,interpreter_translation_services,2026-08-18T21:05:23.906914+09:00,QA-20260818-210404-KST
domain,Certification,interpreter_translation_services,2026-08-18T21:05:23.906914+09:00,QA-20260818-210404-KST
function,Workbench,,2026-08-18T21:05:23.906914+09:00,QA-20260818-210404-KST
function,Toolkit,,2026-08-18T21:05:23.906914+09:00,QA-20260818-210404-KST
function,Playbook,,2026-08-18T21:05:23.906914+09:00,QA-20260818-210404-KST
function,Journal,,2026-08-18T21:05:23.906914+09:00,QA-20260818-210404-KST
function,Snapshot,,2026-08-18T21:05:23.906914+09:00,QA-20260818-210404-KST
function,Guidebook,,2026-08-18T21:05:23.906914+09:00,QA-20260818-210404-KST
function,Registry,,2026-08-18T21:05:23.906914+09:00,QA-20260818-210404-KST
function,Blueprint,,2026-08-18T21:05:23.906914+09:00,QA-20260818-210404-KST
function,Almanac,,2026-08-18T21:05:23.906914+09:00,QA-20260818-210404-KST
function,Compendium,,2026-08-18T21:05:23.906914+09:00,QA-20260818-210404-KST
function,Codex,,2026-08-18T21:05:23.906914+09:00,QA-20260818-210404-KST
function,Roadmap,,2026-08-18T21:05:23.906914+09:00,QA-20260818-210404-KST
function,Calendar,,2026-08-18T23:49:31.453546+09:00,QA-20260818-234836-KST
function,Directory,,2026-08-18T23:49:31.453546+09:00,QA-20260818-234836-KST
function,Locator,,2026-08-18T23:49:31.453546+09:00,QA-20260818-234836-KST
function,Finder,,2026-08-18T23:49:31.453546+09:00,QA-20260818-234836-KST
function,Depot,,2026-08-18T23:49:31.453546+09:00,QA-20260818-234836-KST
function,Office,,2026-08-18T23:49:31.453546+09:00,QA-20260818-234836-KST
function,Counter,,2026-08-18T23:49:31.453546+09:00,QA-20260818-234836-KST
domain,Triage,healthcare,2026-08-18T23:49:31.453546+09:00,QA-20260818-234836-KST
domain,Dividend,finance,2026-08-18T23:49:31.453546+09:00,QA-20260818-234836-KST
domain,Paralegal,legal,2026-08-18T23:49:31.453546+09:00,QA-20260818-234836-KST
domain,Courier,logistics,2026-08-18T23:49:31.453546+09:00,QA-20260818-234836-KST
domain,Mortgage,real_estate,2026-08-18T23:49:31.453546+09:00,QA-20260818-234836-KST
domain,Annuity,insurance,2026-08-18T23:49:31.453546+09:00,QA-20260818-234836-KST
domain,Overtime,hr_payroll,2026-08-18T23:49:31.453546+09:00,QA-20260818-234836-KST
domain,Scaffold,construction,2026-08-18T23:49:31.453546+09:00,QA-20260818-234836-KST
domain,Barcode,retail_ecommerce,2026-08-18T23:49:31.453546+09:00,QA-20260818-234836-KST
domain,Valet,hospitality,2026-08-18T23:49:31.453546+09:00,QA-20260818-234836-KST
domain,Homework,education,2026-08-18T23:49:31.453546+09:00,QA-20260818-234836-KST
domain,Kennel,veterinary,2026-08-18T23:49:31.453546+09:00,QA-20260818-234836-KST
domain,Move,moving_relocation_services,2026-08-19T00:21:34.622833+09:00,QA-20260819-002024-KST
domain,Crew,moving_relocation_services,2026-08-19T00:21:34.622833+09:00,QA-20260819-002024-KST
domain,Truck,moving_relocation_services,2026-08-19T00:21:34.622833+09:00,QA-20260819-002024-KST
domain,Packing,moving_relocation_services,2026-08-19T00:21:34.622833+09:00,QA-20260819-002024-KST
domain,Unpacking,moving_relocation_services,2026-08-19T00:21:34.622833+09:00,QA-20260819-002024-KST
domain,Storage,moving_relocation_services,2026-08-19T00:21:34.622833+09:00,QA-20260819-002024-KST
domain,Inventory,moving_relocation_services,2026-08-19T00:21:34.622833+09:00,QA-20260819-002024-KST
domain,Estimate,moving_relocation_services,2026-08-19T00:21:34.622833+09:00,QA-20260819-002024-KST
domain,Booking,moving_relocation_services,2026-08-19T00:21:34.622833+09:00,QA-20260819-002024-KST
domain,Dispatch,moving_relocation_services,2026-08-19T00:21:34.622833+09:00,QA-20260819-002024-KST
domain,Route,moving_relocation_services,2026-08-19T00:21:34.622833+09:00,QA-20260819-002024-KST
domain,Mileage,moving_relocation_services,2026-08-19T00:21:34.622833+09:00,QA-20260819-002024-KST
domain,Warehouse,moving_relocation_services,2026-08-19T00:21:34.622833+09:00,QA-20260819-002024-KST
domain,Crate,moving_relocation_services,2026-08-19T00:21:34.622833+09:00,QA-20260819-002024-KST
domain,Carton,moving_relocation_services,2026-08-19T00:21:34.622833+09:00,QA-20260819-002024-KST
domain,Padding,moving_relocation_services,2026-08-19T00:21:34.622833+09:00,QA-20260819-002024-KST
domain,Deposit,moving_relocation_services,2026-08-19T00:21:34.622833+09:00,QA-20260819-002024-KST
domain,Damage,moving_relocation_services,2026-08-19T00:21:34.622833+09:00,QA-20260819-002024-KST
domain,Reimbursement,moving_relocation_services,2026-08-19T00:21:34.622833+09:00,QA-20260819-002024-KST
domain,Elevator,moving_relocation_services,2026-08-19T00:21:34.622833+09:00,QA-20260819-002024-KST
domain,Stairs,moving_relocation_services,2026-08-19T00:21:34.622833+09:00,QA-20260819-002024-KST
domain,Haul,moving_relocation_services,2026-08-19T00:21:34.622833+09:00,QA-20260819-002024-KST
domain,Relocation,moving_relocation_services,2026-08-19T00:21:34.622833+09:00,QA-20260819-002024-KST
domain,Overnight,moving_relocation_services,2026-08-19T00:21:34.622833+09:00,QA-20260819-002024-KST
function,Locker,,2026-08-19T00:21:34.622833+09:00,QA-20260819-002024-KST
function,Booth,,2026-08-19T00:21:34.622833+09:00,QA-20260819-002024-KST
function,Kiosk,,2026-08-19T00:21:34.622833+09:00,QA-20260819-002024-KST
function,Yard,,2026-08-19T00:21:34.622833+09:00,QA-20260819-002024-KST
function,Bay,,2026-08-19T00:21:34.622833+09:00,QA-20260819-002024-KST
function,Post,,2026-08-19T00:21:34.622833+09:00,QA-20260819-002024-KST
function,Outpost,,2026-08-19T00:21:34.622833+09:00,QA-20260819-002024-KST
function,Plaza,,2026-08-19T00:21:34.622833+09:00,QA-20260819-002024-KST
function,Harbor,,2026-08-19T00:21:34.622833+09:00,QA-20260819-002024-KST
function,Tower,,2026-08-19T00:21:34.622833+09:00,QA-20260819-002024-KST
function,Shelf,,2026-08-19T00:21:34.622833+09:00,QA-20260819-002024-KST
function,Roster,,2026-08-19T00:21:34.622833+09:00,QA-20260819-002024-KST
domain,Shoot,photography_services,2026-08-19T12:18:04.119897+09:00,RUN-20260819-121626-KST
domain,Album,photography_services,2026-08-19T12:18:04.119897+09:00,RUN-20260819-121626-KST
domain,Retouching,photography_services,2026-08-19T12:18:04.119897+09:00,RUN-20260819-121626-KST
domain,Watermark,photography_services,2026-08-19T12:18:04.119897+09:00,RUN-20260819-121626-KST
domain,Proof,photography_services,2026-08-19T12:18:04.119897+09:00,RUN-20260819-121626-KST
domain,Gallery,photography_services,2026-08-19T12:18:04.119897+09:00,RUN-20260819-121626-KST
domain,Backdrop,photography_services,2026-08-19T12:18:04.119897+09:00,RUN-20260819-121626-KST
domain,Portfolio,photography_services,2026-08-19T12:18:04.119897+09:00,RUN-20260819-121626-KST
domain,Package,photography_services,2026-08-19T12:18:04.119897+09:00,RUN-20260819-121626-KST
domain,Rental,photography_services,2026-08-19T12:18:04.119897+09:00,RUN-20260819-121626-KST
domain,Lighting,photography_services,2026-08-19T12:18:04.119897+09:00,RUN-20260819-121626-KST
domain,Editing,photography_services,2026-08-19T12:18:04.119897+09:00,RUN-20260819-121626-KST
domain,Print,photography_services,2026-08-19T12:18:04.119897+09:00,RUN-20260819-121626-KST
domain,Delivery,photography_services,2026-08-19T12:18:04.119897+09:00,RUN-20260819-121626-KST
domain,Session,photography_services,2026-08-19T12:18:04.119897+09:00,RUN-20260819-121626-KST
domain,Booking,photography_services,2026-08-19T12:18:04.119897+09:00,RUN-20260819-121626-KST
domain,Deposit,photography_services,2026-08-19T12:18:04.119897+09:00,RUN-20260819-121626-KST
domain,Contract,photography_services,2026-08-19T12:18:04.119897+09:00,RUN-20260819-121626-KST
domain,License,photography_services,2026-08-19T12:18:04.119897+09:00,RUN-20260819-121626-KST
domain,Client,photography_services,2026-08-19T12:18:04.119897+09:00,RUN-20260819-121626-KST
domain,Location,photography_services,2026-08-19T12:18:04.119897+09:00,RUN-20260819-121626-KST
domain,Wardrobe,photography_services,2026-08-19T12:18:04.119897+09:00,RUN-20260819-121626-KST
function,Inbox,,2026-08-19T12:18:04.119897+09:00,RUN-20260819-121626-KST
function,Alert,,2026-08-19T12:18:04.119897+09:00,RUN-20260819-121626-KST
function,Chart,,2026-08-19T12:18:04.119897+09:00,RUN-20260819-121626-KST
function,Bin,,2026-08-19T12:18:04.119897+09:00,RUN-20260819-121626-KST
function,Passport,,2026-08-19T12:18:04.119897+09:00,RUN-20260819-121626-KST
function,Lobby,,2026-08-19T12:18:04.119897+09:00,RUN-20260819-121626-KST
function,Ticker,,2026-08-19T12:18:04.119897+09:00,RUN-20260819-121626-KST
function,Line,,2026-08-19T12:18:04.119897+09:00,RUN-20260819-121626-KST
function,Window,,2026-08-19T12:18:04.119897+09:00,RUN-20260819-121626-KST
function,Roll,,2026-08-19T12:18:04.119897+09:00,RUN-20260819-121626-KST
domain,Ceremony,wedding_planning_services,2026-08-19T13:14:22.608445+09:00,RUN-20260819-131242-KST
domain,Reception,wedding_planning_services,2026-08-19T13:14:22.608445+09:00,RUN-20260819-131242-KST
domain,Timeline,wedding_planning_services,2026-08-19T13:14:22.608445+09:00,RUN-20260819-131242-KST
domain,Seating,wedding_planning_services,2026-08-19T13:14:22.608445+09:00,RUN-20260819-131242-KST
domain,Invitation,wedding_planning_services,2026-08-19T13:14:22.608445+09:00,RUN-20260819-131242-KST
domain,Florist,wedding_planning_services,2026-08-19T13:14:22.608445+09:00,RUN-20260819-131242-KST
domain,Photographer,wedding_planning_services,2026-08-19T13:14:22.608445+09:00,RUN-20260819-131242-KST
domain,Venue,wedding_planning_services,2026-08-19T13:14:22.608445+09:00,RUN-20260819-131242-KST
domain,Rehearsal,wedding_planning_services,2026-08-19T13:14:22.608445+09:00,RUN-20260819-131242-KST
domain,Officiant,wedding_planning_services,2026-08-19T13:14:22.608445+09:00,RUN-20260819-131242-KST
domain,Favor,wedding_planning_services,2026-08-19T13:14:22.608445+09:00,RUN-20260819-131242-KST
domain,Toast,wedding_planning_services,2026-08-19T13:14:22.608445+09:00,RUN-20260819-131242-KST
domain,Bouquet,wedding_planning_services,2026-08-19T13:14:22.608445+09:00,RUN-20260819-131242-KST
domain,Catering,wedding_planning_services,2026-08-19T13:14:22.608445+09:00,RUN-20260819-131242-KST
domain,Guestlist,wedding_planning_services,2026-08-19T13:14:22.608445+09:00,RUN-20260819-131242-KST
domain,Honeymoon,wedding_planning_services,2026-08-19T13:14:22.608445+09:00,RUN-20260819-131242-KST
domain,Invite,wedding_planning_services,2026-08-19T13:14:22.608445+09:00,RUN-20260819-131242-KST
domain,Vow,wedding_planning_services,2026-08-19T13:14:22.608445+09:00,RUN-20260819-131242-KST
domain,Registrar,wedding_planning_services,2026-08-19T13:14:22.608445+09:00,RUN-20260819-131242-KST
domain,Cake,wedding_planning_services,2026-08-19T13:14:22.608445+09:00,RUN-20260819-131242-KST
domain,Decor,wedding_planning_services,2026-08-19T13:14:22.608445+09:00,RUN-20260819-131242-KST
domain,Aisle,wedding_planning_services,2026-08-19T13:14:22.608445+09:00,RUN-20260819-131242-KST
function,Report,,2026-08-19T13:14:22.608445+09:00,RUN-20260819-131242-KST
function,Log,,2026-08-19T13:14:22.608445+09:00,RUN-20260819-131242-KST
function,Form,,2026-08-19T13:14:22.608445+09:00,RUN-20260819-131242-KST
function,Card,,2026-08-19T13:14:22.608445+09:00,RUN-20260819-131242-KST
function,Sheet,,2026-08-19T13:14:22.608445+09:00,RUN-20260819-131242-KST
function,Check,,2026-08-19T13:14:22.608445+09:00,RUN-20260819-131242-KST
function,Score,,2026-08-19T13:14:22.608445+09:00,RUN-20260819-131242-KST
function,Note,,2026-08-19T13:14:22.608445+09:00,RUN-20260819-131242-KST
function,Tag,,2026-08-19T13:14:22.608445+09:00,RUN-20260819-131242-KST
function,Profile,,2026-08-19T13:14:22.608445+09:00,RUN-20260819-131242-KST
